{"cameraMode":{"drawMode":0,"name":"Shaded","section":"Shading Mode"},"sceneLighting":false,"audioPlay":false,"sceneViewState":{"showFog":true,"showMaterialUpdate":false,"showSkybox":false,"showFlares":true,"showImageEffects":true,"showParticleSystems":true},"in2DMode":false,"pivot":{"x":397.9156188964844,"y":283.729248046875,"z":-790.8718872070313},"rotation":{"x":0.08956006914377213,"y":-0.19735029339790345,"z":0.018108109012246133,"w":0.9760656356811523},"size":2864.5146484375,"orthographic":false}